<?xml version="1.0" encoding="utf-8"?>
<doctrine-mapping xmlns="http://doctrine-project.org/schemas/orm/doctrine-mapping" xmlns:xsi="http://www.w3.org/2001/XMLSchema-instance" xsi:schemaLocation="http://doctrine-project.org/schemas/orm/doctrine-mapping http://doctrine-project.org/schemas/orm/doctrine-mapping.xsd">
  <entity name="AppBundle\Entity\Commentaire" table="commentaire">
    <id name="id" type="integer" column="id">
      <generator strategy="IDENTITY"/>
    </id>
    <field name="text" type="text" column="text" length="65535" nullable="false">
      <options>
        <option name="fixed"/>
      </options>
    </field>
    <field name="pseudo" type="string" column="pseudo" length="50" nullable="false">
      <options>
        <option name="fixed"/>
      </options>
    </field>
    <field name="partage" type="string" column="partage" length="50" nullable="false">
      <options>
        <option name="fixed"/>
      </options>
    </field>
    <field name="date" type="date" column="date" nullable="false"/>
  </entity>
</doctrine-mapping>
