<?xml version="1.0" encoding="utf-8"?>
<doctrine-mapping xmlns="http://doctrine-project.org/schemas/orm/doctrine-mapping" xmlns:xsi="http://www.w3.org/2001/XMLSchema-instance" xsi:schemaLocation="http://doctrine-project.org/schemas/orm/doctrine-mapping http://doctrine-project.org/schemas/orm/doctrine-mapping.xsd">
  <entity name="AppBundle\Entity\Jaimes" table="jaimes">
    <id name="id" type="integer" column="id">
      <generator strategy="IDENTITY"/>
    </id>
    <field name="member" type="integer" column="member" nullable="false">
      <options>
        <option name="unsigned"/>
      </options>
    </field>
    <field name="partage" type="integer" column="partage" nullable="false">
      <options>
        <option name="unsigned"/>
      </options>
    </field>
  </entity>
</doctrine-mapping>
