<?xml version="1.0" encoding="utf-8"?>
<doctrine-mapping xmlns="http://doctrine-project.org/schemas/orm/doctrine-mapping" xmlns:xsi="http://www.w3.org/2001/XMLSchema-instance" xsi:schemaLocation="http://doctrine-project.org/schemas/orm/doctrine-mapping http://doctrine-project.org/schemas/orm/doctrine-mapping.xsd">
  <entity name="AppBundle\Entity\Member" table="member">
    <id name="id" type="integer" column="id">
      <generator strategy="IDENTITY"/>
    </id>
    <field name="pseudo" type="string" column="pseudo" length="40" nullable="false">
      <options>
        <option name="fixed"/>
      </options>
    </field>
    <field name="mdp" type="string" column="mdp" length="40" nullable="false">
      <options>
        <option name="fixed"/>
      </options>
    </field>
    <field name="tel" type="string" column="tel" length="40" nullable="false">
      <options>
        <option name="fixed"/>
      </options>
    </field>
    <field name="mail" type="string" column="mail" length="40" nullable="false">
      <options>
        <option name="fixed"/>
      </options>
    </field>
    <field name="abonnes" type="integer" column="abonnes" nullable="false">
      <options>
        <option name="unsigned"/>
        <option name="default">0</option>
      </options>
    </field>
    <field name="publications" type="integer" column="publications" nullable="false">
      <options>
        <option name="unsigned"/>
        <option name="default">0</option>
      </options>
    </field>
    <field name="img" type="text" column="img" length="65535" nullable="false">
      <options>
        <option name="fixed"/>
      </options>
    </field>
  </entity>
</doctrine-mapping>
