<?xml version="1.0" encoding="utf-8"?>
<doctrine-mapping xmlns="http://doctrine-project.org/schemas/orm/doctrine-mapping" xmlns:xsi="http://www.w3.org/2001/XMLSchema-instance" xsi:schemaLocation="http://doctrine-project.org/schemas/orm/doctrine-mapping http://doctrine-project.org/schemas/orm/doctrine-mapping.xsd">
  <entity name="AppBundle\Entity\Partage" table="partage">
    <id name="id" type="integer" column="id">
      <generator strategy="IDENTITY"/>
    </id>
    <field name="pseudo" type="string" column="pseudo" length="40" nullable="false">
      <options>
        <option name="fixed"/>
      </options>
    </field>
    <field name="text" type="text" column="text" nullable="false">
      <options>
        <option name="fixed"/>
      </options>
    </field>
    <field name="date" type="date" column="date" nullable="false"/>
    <field name="jaime" type="integer" column="jaime" nullable="false">
      <options>
        <option name="unsigned"/>
      </options>
    </field>
  </entity>
</doctrine-mapping>
